{
    "model_name": [
        "Linear_Regression",
        "Ridge",
        "Lasso",
        "Elistic_Net",
        "RandomForest",
        "DecessionTree",
        "Xgboost"
    ],
    "score": [
        0.6433777187483887,
        0.643304231207424,
        0.6432473881685732,
        0.6243898165243673,
        0.6708120470237257,
        0.2903849855017463,
        0.6304487268077144
    ],
    "train_score": [
        0.6246409888976135,
        0.6264702091819405,
        0.6251500642843252,
        0.5845827173817117,
        0.6324631243662305,
        0.3233837428660319,
        0.6091891673871064
    ],
    "test_score": [
        0.5559527749109086,
        0.5668712460377939,
        0.5560728163658032,
        0.6058232015089802,
        0.6429622009415515,
        0.4420104659842384,
        0.59374232441058
    ]
}