{
    "model_name": [
        "Linear_Regression",
        "RandomForest",
        "DecessionTree",
        "Xgboost"
    ],
    "score": [
        0.6433777187483887,
        0.6788229757678336,
        0.2939288248512254,
        0.6304487268077144
    ],
    "train_score": [
        0.6246409888976135,
        0.632984172348888,
        0.3520681403878023,
        0.6091891673871064
    ],
    "test_score": [
        0.5559527749109086,
        0.6467568683424112,
        0.42475392902970494,
        0.59374232441058
    ]
}