{
    "model_name": [
        "Linear_Regression",
        "RandomForest",
        "DecessionTree"
    ],
    "score": [
        0.6433777187483887,
        0.6815585097807889,
        0.2812125707811859
    ],
    "train_score": [
        0.6246409888976135,
        0.6308723162619315,
        0.351954800986918
    ],
    "test_score": [
        0.5559527749109086,
        0.64528265013115,
        0.3923695436326756
    ]
}